{"version": {"json_export": "193", "page_segmentation": "5", "schema": "1.1.0", "structure": "1.1074.0", "table_structure": "5"}, "extended_metadata": {"ID_instance": "85 16 81 3F 00 B9 B2 11 0A 00 67 45 8B 6B C6 23 ", "ID_permanent": "45 35 20 42 42 20 37 38 20 33 46 20 30 30 20 42 39 20 42 32 20 31 31 20 30 41 20 30 30 20 36 37 20 34 35 20 38 42 20 36 42 20 43 36 20 32 33 20 ", "pdf_version": "1.6", "pdfa_compliance_level": "", "is_encrypted": false, "has_acroform": false, "is_digitally_signed": false, "pdfua_compliance_level": "", "page_count": 1, "has_embedded_files": false, "is_certified": false, "is_XFA": false, "language": "en"}, "elements": [{"Bounds": [0.0, 0.0, 612.0, 792.0], "ClipBounds": [75.70700073242188, 682.7940063476562, 195.0019989013672, 740.8920288085938], "Page": 0, "Path": "//Document/Sect/Figure", "attributes": {"BBox": [75.9568999999974, 683.0439999999944, 194.75199999999313, 740.6419999999925], "Placement": "Block"}}, {"Bounds": [0.0, 0.0, 612.0, 792.0], "ClipBounds": [75.70700073242188, 682.7940063476562, 195.0019989013672, 740.8920288085938], "Font": {"alt_family_name": "* Times New Roman", "embedded": true, "encoding": "Identity-H", "family_name": "* Times New Roman", "font_type": "CIDFontType0", "italic": false, "monospaced": false, "name": "*Times New Roman-3154", "subset": false, "weight": 400}, "HasClip": false, "Page": 0, "Path": "//Document/Sect/Figure", "Text": "\u0141 ", "TextSize": 10.0, "attributes": {"BBox": [75.9568999999974, 683.0439999999944, 194.75199999999313, 740.6419999999925], "Placement": "Block"}}, {"Bounds": [0.0, 0.0, 612.0, 792.0], "ClipBounds": [229.66099548339844, 686.6339721679688, 345.59600830078125, 755.8909912109375], "Page": 0, "Path": "//Document/Sect/Figure[2]", "attributes": {"BBox": [229.91099999999278, 686.8839999999909, 345.34599999999045, 755.6409999999742], "Placement": "Block"}}, {"Bounds": [0.0, 0.0, 612.0, 792.0], "ClipBounds": [229.66099548339844, 686.6339721679688, 345.59600830078125, 755.8909912109375], "Page": 0, "Path": "//Document/Sect/Figure[2]", "attributes": {"BBox": [229.91099999999278, 686.8839999999909, 345.34599999999045, 755.6409999999742], "Placement": "Block"}}, {"Bounds": [485.2799987792969, 724.4199981689453, 572.2187805175781, 739.3200073242188], "Font": {"alt_family_name": "* Arial", "embedded": true, "encoding": "Identity-H", "family_name": "* Arial", "font_type": "CIDFontType0", "italic": false, "monospaced": false, "name": "*Arial-Bold-3163", "subset": false, "weight": 700}, "HasClip": false, "Page": 0, "Path": "//Document/Sect/Title", "Text": "INVOICE ", "TextSize": 20.0, "attributes": {"LineHeight": 24, "SpaceAfter": 11.625, "TextAlign": "End"}}, {"Bounds": [448.8074035644531, 676.4400024414062, 555.2327117919922, 723.0], "Page": 0, "Path": "//Document/Sect/Table", "attributes": {"BBox": [448.54199999998673, 678.9649999999965, 552.4579999999842, 714.9629999999888], "NumCol": 2, "NumRow": 2, "Placement": "Block", "SpaceAfter": 18}}, {"Bounds": [462.0, 699.3399963378906, 484.0848083496094, 723.0], "Page": 0, "Path": "//Document/Sect/Table/TR/TH", "attributes": {"BBox": [448.54199999998673, 694.8039999999746, 501.81999999999243, 714.9629999999888], "BlockAlign": "Middle", "ColIndex": 0, "Height": 20.125, "InlineAlign": "Center", "RowIndex": 0, "Width": 53.25}}, {"Bounds": [462.0, 699.3399963378906, 484.0848083496094, 723.0], "Font": {"alt_family_name": "* Times New Roman", "embedded": true, "encoding": "Identity-H", "family_name": "* Times New Roman", "font_type": "CIDFontType0", "italic": false, "monospaced": false, "name": "*Times New Roman-3154", "subset": false, "weight": 400}, "HasClip": false, "Lang": "en", "Page": 0, "Path": "//Document/Sect/Table/TR/TH/P", "Text": "Date ", "TextSize": 10.0, "attributes": {"LineHeight": 12}}, {"Bounds": [518.7899932861328, 699.3399963378906, 555.2327117919922, 723.0], "Page": 0, "Path": "//Document/Sect/Table/TR/TH[2]", "attributes": {"BBox": [501.81999999999243, 694.8039999999746, 552.4579999999842, 714.9629999999888], "BlockAlign": "Middle", "ColIndex": 1, "Height": 20.125, "InlineAlign": "End", "RowIndex": 0, "Width": 50.625}}, {"Bounds": [518.7899932861328, 699.3399963378906, 555.2327117919922, 723.0], "Font": {"alt_family_name": "* Times New Roman", "embedded": true, "encoding": "Identity-H", "family_name": "* Times New Roman", "font_type": "CIDFontType0", "italic": false, "monospaced": false, "name": "*Times New Roman-3154", "subset": false, "weight": 400}, "HasClip": false, "Lang": "en", "Page": 0, "Path": "//Document/Sect/Table/TR/TH[2]/P", "Text": "Invoice# ", "TextSize": 10.0, "attributes": {"LineHeight": 12}}, {"Bounds": [448.8074035644531, 676.4400024414062, 497.8752746582031, 687.7440032958984], "Page": 0, "Path": "//Document/Sect/Table/TR[2]/TD", "attributes": {"BBox": [448.54199999998673, 678.9649999999965, 501.81999999999243, 694.8039999999746], "BlockAlign": "After", "ColIndex": 0, "Height": 15.875, "InlineAlign": "Start", "RowIndex": 1, "Width": 53.25}}, {"Bounds": [448.8074035644531, 676.4400024414062, 497.8752746582031, 687.7440032958984], "Font": {"alt_family_name": "* Times New Roman", "embedded": true, "encoding": "Identity-H", "family_name": "* Times New Roman", "font_type": "CIDFontType0", "italic": false, "monospaced": false, "name": "*Times New Roman-3153", "subset": false, "weight": 400}, "HasClip": false, "Lang": "en", "Page": 0, "Path": "//Document/Sect/Table/TR[2]/TD/P", "Text": "1/10/2024 ", "TextSize": 12.0, "attributes": {"LineHeight": 14.375}}, {"Bounds": [521.6954040527344, 676.4400024414062, 552.4562072753906, 687.7440032958984], "Page": 0, "Path": "//Document/Sect/Table/TR[2]/TD[2]", "attributes": {"BBox": [501.81999999999243, 678.9649999999965, 552.4579999999842, 694.8039999999746], "BlockAlign": "After", "ColIndex": 1, "Height": 15.875, "InlineAlign": "End", "RowIndex": 1, "Width": 50.625}}, {"Bounds": [521.6954040527344, 676.4400024414062, 552.4562072753906, 687.7440032958984], "Font": {"alt_family_name": "* Times New Roman", "embedded": true, "encoding": "Identity-H", "family_name": "* Times New Roman", "font_type": "CIDFontType0", "italic": false, "monospaced": false, "name": "*Times New Roman-3153", "subset": false, "weight": 400}, "HasClip": false, "Lang": "en", "Page": 0, "Path": "//Document/Sect/Table/TR[2]/TD[2]/P", "Text": "68679 ", "TextSize": 12.0, "attributes": {"LineHeight": 14.375}}, {"Bounds": [75.36000061035156, 552.1408996582031, 325.59571838378906, 662.7599945068359], "Page": 0, "Path": "//Document/Sect/Table[2]", "attributes": {"BBox": [75.35689999999886, 552.0099999999802, 322.5469999999914, 647.5259999999835], "NumCol": 2, "NumRow": 4, "Placement": "Block", "SpaceAfter": 18}}, {"Bounds": [84.24000549316406, 639.1000061035156, 110.06005859375, 662.7599945068359], "Page": 0, "Path": "//Document/Sect/Table[2]/TR/TD", "attributes": {"BBox": [75.35689999999886, 632.8859999999986, 322.5469999999914, 647.5259999999835], "BlockAlign": "Before", "ColIndex": 0, "ColSpan": 2, "Height": 14.625, "InlineAlign": "Start", "RowIndex": 0, "Width": 247.25}}, {"Bounds": [84.24000549316406, 639.1000061035156, 110.06005859375, 662.7599945068359], "Font": {"alt_family_name": "* Times New Roman", "embedded": true, "encoding": "Identity-H", "family_name": "* Times New Roman", "font_type": "CIDFontType0", "italic": false, "monospaced": false, "name": "*Times New Roman-3154", "subset": false, "weight": 400}, "HasClip": false, "Lang": "en", "Page": 0, "Path": "//Document/Sect/Table[2]/TR/TD/P", "Text": "Bill To ", "TextSize": 10.0, "attributes": {"LineHeight": 12}}, {"Bounds": [75.36000061035156, 553.8807983398438, 183.25332641601562, 629.6045989990234], "Page": 0, "Path": "//Document/Sect/Table[2]/TR[2]/TD", "attributes": {"BBox": [75.35689999999886, 552.0099999999802, 182.15299999999843, 632.8859999999986], "BlockAlign": "Before", "ColIndex": 0, "Height": 80.875, "InlineAlign": "Start", "RowIndex": 1, "RowSpan": 3, "Width": 106.75}}, {"Bounds": [75.36000061035156, 591.0, 179.32321166992188, 629.6045989990234], "Font": {"alt_family_name": "* Times New Roman", "embedded": true, "encoding": "Identity-H", "family_name": "* Times New Roman", "font_type": "CIDFontType0", "italic": false, "monospaced": false, "name": "*Times New Roman-3153", "subset": false, "weight": 400}, "HasClip": false, "Lang": "en", "Page": 0, "Path": "//Document/Sect/Table[2]/TR[2]/TD/P", "Text": "Symphony Homes 111 S Frontage Rd Centerville UT 84014 ", "TextSize": 12.0, "attributes": {"LineHeight": 13.625}}, {"Bounds": [180.9600067138672, 553.8807983398438, 183.25332641601562, 559.2648010253906], "Font": {"alt_family_name": "* Times New Roman", "embedded": true, "encoding": "Identity-H", "family_name": "* Times New Roman", "font_type": "CIDFontType0", "italic": false, "monospaced": false, "name": "*Times New Roman-3157", "subset": false, "weight": 400}, "HasClip": false, "Lang": "en", "Page": 0, "Path": "//Document/Sect/Table[2]/TR[2]/TD/P[2]", "Text": "r ", "TextSize": 8.0, "attributes": {"LineHeight": 9.625}}, {"Path": "//Document/Sect/Table[2]/TR[2]/TD[2]", "attributes": {"BBox": [182.15299999999843, 621.3669999999984, 322.5469999999914, 632.8859999999986], "BlockAlign": "Before", "ColIndex": 1, "Height": 11.5, "InlineAlign": "Start", "RowIndex": 1, "Width": 140.375}}, {"Bounds": [193.9199981689453, 593.4510040283203, 325.59571838378906, 616.38720703125], "Page": 0, "Path": "//Document/Sect/Table[2]/TR[3]/TD", "attributes": {"BBox": [182.15299999999843, 593.2879999999714, 322.5469999999914, 621.3669999999984], "BlockAlign": "Middle", "ColIndex": 1, "Height": 28.125, "InlineAlign": "Start", "RowIndex": 2, "Width": 140.375}}, {"Bounds": [193.9199981689453, 593.4510040283203, 325.59571838378906, 616.38720703125], "Font": {"alt_family_name": "* Times New Roman", "embedded": true, "encoding": "Identity-H", "family_name": "* Times New Roman", "font_type": "CIDFontType0", "italic": false, "monospaced": false, "name": "*Times New Roman-3158", "subset": false, "weight": 400}, "HasClip": false, "Lang": "en", "Page": 0, "Path": "//Document/Sect/Table[2]/TR[3]/TD/P", "Text": "Cornpany:\ufffd\ufffd----+\u00adLot / Job:\ufffd\ufffd\ufffd--;-, ", "TextSize": 12.5, "attributes": {"LineHeight": 11.375, "TextAlign": "Center"}}, {"Bounds": [184.32000732421875, 552.1408996582031, 325.1881103515625, 592.3805999755859], "Page": 0, "Path": "//Document/Sect/Table[2]/TR[4]/TD", "attributes": {"BBox": [182.15299999999843, 552.0099999999802, 322.5469999999914, 595.4479999999749], "BlockAlign": "After", "ColIndex": 1, "Height": 43.5, "InlineAlign": "Start", "RowIndex": 3, "Width": 140.375}}, {"Bounds": [197.75999450683594, 581.7765960693359, 325.1881103515625, 592.3805999755859], "Font": {"alt_family_name": "* Arial", "embedded": true, "encoding": "Identity-H", "family_name": "* Arial", "font_type": "CIDFontType0", "italic": false, "monospaced": false, "name": "*Arial-Bold-3162", "subset": false, "weight": 700}, "HasClip": false, "Lang": "en", "Page": 0, "Path": "//Document/Sect/Table[2]/TR[4]/TD/P", "Text": "C.O.A. #: ________ ", "TextSize": 11.0, "attributes": {"LineHeight": 13.25}}, {"Bounds": [184.32000732421875, 569.25439453125, 325.1806335449219, 580.8753967285156], "Font": {"alt_family_name": "* Arial", "embedded": true, "encoding": "Identity-H", "family_name": "* Arial", "font_type": "CIDFontType0", "italic": false, "monospaced": false, "name": "*Arial-3161", "subset": false, "weight": 400}, "HasClip": false, "Lang": "en", "Page": 0, "Path": "//Document/Sect/Table[2]/TR[4]/TD/P[2]", "Text": "Approval(s): ______ ", "TextSize": 11.0, "attributes": {"LineHeight": 13.25}}, {"Bounds": [184.32000732421875, 552.1408996582031, 201.70944213867188, 558.7248992919922], "Font": {"alt_family_name": "* Times New Roman", "embedded": true, "encoding": "Identity-H", "family_name": "* Times New Roman", "font_type": "CIDFontType0", "italic": false, "monospaced": false, "name": "*Times New Roman-3157", "subset": false, "weight": 400}, "HasClip": false, "Lang": "en", "Page": 0, "Path": "//Document/Sect/Table[2]/TR[4]/TD/P[3]", "Text": "-, e: ", "TextSize": 8.0, "attributes": {"LineHeight": 9.625}}, {"Bounds": [383.0399932861328, 618.2723999023438, 485.6284637451172, 662.5200042724609], "Page": 0, "Path": "//Document/Sect/Table[3]", "attributes": {"BBox": [383.02399999999034, 618.2469999999739, 482.61999999999534, 647.2859999999928], "NumRow": 2, "Placement": "Block", "SpaceAfter": 18}}, {"Bounds": [391.9199981689453, 638.8600006103516, 423.8638000488281, 662.5200042724609], "Page": 0, "Path": "//Document/Sect/Table[3]/TR/TH", "attributes": {"BBox": [383.02399999999034, 633.6059999999998, 482.61999999999534, 647.2859999999928], "BlockAlign": "Before", "ColIndex": 0, "Height": 13.625, "InlineAlign": "Start", "RowIndex": 0, "Width": 99.625}}, {"Bounds": [391.9199981689453, 638.8600006103516, 423.8638000488281, 662.5200042724609], "Font": {"alt_family_name": "* Times New Roman", "embedded": true, "encoding": "Identity-H", "family_name": "* Times New Roman", "font_type": "CIDFontType0", "italic": false, "monospaced": false, "name": "*Times New Roman-3154", "subset": false, "weight": 400}, "HasClip": false, "Lang": "en", "Page": 0, "Path": "//Document/Sect/Table[3]/TR/TH/P", "Text": "Ship To ", "TextSize": 10.0, "attributes": {"LineHeight": 12}}, {"Bounds": [383.0399932861328, 618.2723999023438, 485.6284637451172, 629.5764007568359], "Page": 0, "Path": "//Document/Sect/Table[3]/TR[2]/TD", "attributes": {"BBox": [383.02399999999034, 618.2469999999739, 482.61999999999534, 633.6059999999998], "BlockAlign": "Middle", "ColIndex": 0, "Height": 15.375, "InlineAlign": "Start", "RowIndex": 1, "Width": 99.625}}, {"Bounds": [383.0399932861328, 618.2723999023438, 485.6284637451172, 629.5764007568359], "Font": {"alt_family_name": "* Times New Roman", "embedded": true, "encoding": "Identity-H", "family_name": "* Times New Roman", "font_type": "CIDFontType0", "italic": false, "monospaced": false, "name": "*Times New Roman-3153", "subset": false, "weight": 400}, "HasClip": false, "Lang": "en", "Page": 0, "Path": "//Document/Sect/Table[3]/TR[2]/TD/P", "Text": "315 Maplewood Lane ", "TextSize": 12.0, "attributes": {"LineHeight": 14.375}}, {"Bounds": [53.27839660644531, 103.02999877929688, 581.9883117675781, 532.9799957275391], "Page": 0, "Path": "//Document/Sect/Table[4]", "attributes": {"BBox": [53.03779999999824, 104.90799999999945, 578.8559999999998, 550.3299999999872], "NumCol": 3, "NumRow": 10, "Placement": "Block", "SpaceAfter": 18}}, {"Path": "//Document/Sect/Table[4]/TR/TD", "attributes": {"BBox": [53.03779999999824, 482.4129999999859, 410.3829999999871, 550.3299999999872], "BlockAlign": "Before", "ColIndex": 0, "Height": 67.875, "InlineAlign": "Start", "RowIndex": 0, "RowSpan": 2, "Width": 357.375}}, {"Bounds": [440.63999938964844, 509.32000732421875, 472.8541259765625, 532.9799957275391], "Page": 0, "Path": "//Document/Sect/Table[4]/TR/TH", "attributes": {"BBox": [410.3829999999871, 504.0119999999879, 501.09999999999127, 550.3299999999872], "BlockAlign": "After", "ColIndex": 1, "Height": 46.375, "InlineAlign": "Center", "RowIndex": 0, "Width": 90.75}}, {"Bounds": [440.63999938964844, 509.32000732421875, 472.8541259765625, 532.9799957275391], "Font": {"alt_family_name": "* Times New Roman", "embedded": true, "encoding": "Identity-H", "family_name": "* Times New Roman", "font_type": "CIDFontType0", "italic": false, "monospaced": false, "name": "*Times New Roman-3154", "subset": false, "weight": 400}, "HasClip": false, "Lang": "en", "Page": 0, "Path": "//Document/Sect/Table[4]/TR/TH/P", "Text": "Job ID# ", "TextSize": 10.0, "attributes": {"LineHeight": 12}}, {"Bounds": [527.2799987792969, 509.25999450683594, 546.89990234375, 532.9199981689453], "Page": 0, "Path": "//Document/Sect/Table[4]/TR/TH[2]", "attributes": {"BBox": [501.09999999999127, 504.0119999999879, 578.8559999999998, 550.3299999999872], "BlockAlign": "After", "ColIndex": 2, "Height": 46.375, "InlineAlign": "Center", "RowIndex": 0, "Width": 77.75}}, {"Bounds": [527.2799987792969, 509.25999450683594, 546.89990234375, 532.9199981689453], "Font": {"alt_family_name": "* Times New Roman", "embedded": true, "encoding": "Identity-H", "family_name": "* Times New Roman", "font_type": "CIDFontType0", "italic": false, "monospaced": false, "name": "*Times New Roman-3154", "subset": false, "weight": 400}, "HasClip": false, "Lang": "en", "Page": 0, "Path": "//Document/Sect/Table[4]/TR/TH[2]/P", "Text": "SO# ", "TextSize": 10.0, "attributes": {"LineHeight": 12}}, {"Bounds": [444.47999572753906, 486.3000030517578, 470.5500030517578, 497.60400390625], "Page": 0, "Path": "//Document/Sect/Table[4]/TR[2]/TH", "attributes": {"BBox": [410.3829999999871, 482.4129999999859, 501.09999999999127, 504.0119999999879], "BlockAlign": "Middle", "ColIndex": 1, "Height": 21.625, "InlineAlign": "Center", "RowIndex": 1, "Width": 90.75}}, {"Bounds": [444.47999572753906, 486.3000030517578, 470.5500030517578, 497.60400390625], "Font": {"alt_family_name": "* Times New Roman", "embedded": true, "encoding": "Identity-H", "family_name": "* Times New Roman", "font_type": "CIDFontType0", "italic": false, "monospaced": false, "name": "*Times New Roman-3153", "subset": false, "weight": 400}, "HasClip": false, "Lang": "en", "Page": 0, "Path": "//Document/Sect/Table[4]/TR[2]/TH/P", "Text": "8787 ", "TextSize": 12.0, "attributes": {"LineHeight": 14.375}}, {"Bounds": [520.3200073242188, 489.947998046875, 552.9645080566406, 496.2030029296875], "Page": 0, "Path": "//Document/Sect/Table[4]/TR[2]/TH[2]", "attributes": {"BBox": [501.09999999999127, 482.4129999999859, 578.8559999999998, 504.0119999999879], "BlockAlign": "Middle", "ColIndex": 2, "Height": 21.625, "InlineAlign": "Center", "RowIndex": 1, "Width": 77.75}}, {"Bounds": [520.3200073242188, 489.947998046875, 552.9645080566406, 496.2030029296875], "Font": {"alt_family_name": "* Times New Roman", "embedded": true, "encoding": "Identity-H", "family_name": "* Times New Roman", "font_type": "CIDFontType0", "italic": false, "monospaced": false, "name": "*Times New Roman-3156", "subset": false, "weight": 400}, "HasClip": false, "Lang": "en", "Page": 0, "Path": "//Document/Sect/Table[4]/TR[2]/TH[2]/P", "Text": "3086349 ", "TextSize": 9.0, "attributes": {"LineHeight": 10.75}}, {"Bounds": [208.32000732421875, 466.15809631347656, 254.25994873046875, 489.81809997558594], "Page": 0, "Path": "//Document/Sect/Table[4]/TR[3]/TD", "attributes": {"BBox": [53.03779999999824, 460.81299999999464, 410.3829999999871, 482.4129999999859], "BlockAlign": "Middle", "ColIndex": 0, "Height": 21.625, "InlineAlign": "Start", "RowIndex": 2, "Width": 357.375}}, {"Bounds": [208.32000732421875, 466.15809631347656, 254.25994873046875, 489.81809997558594], "Font": {"alt_family_name": "* Times New Roman", "embedded": true, "encoding": "Identity-H", "family_name": "* Times New Roman", "font_type": "CIDFontType0", "italic": false, "monospaced": false, "name": "*Times New Roman-3154", "subset": false, "weight": 400}, "HasClip": false, "Lang": "en", "Page": 0, "Path": "//Document/Sect/Table[4]/TR[3]/TD/P", "Text": "Description ", "TextSize": 10.0, "attributes": {"LineHeight": 12}}, {"Bounds": [474.7200012207031, 466.2729949951172, 506.5113830566406, 489.93299865722656], "Page": 0, "Path": "//Document/Sect/Table[4]/TR[3]/TD[2]", "attributes": {"BBox": [410.3829999999871, 460.81299999999464, 578.8559999999998, 482.4129999999859], "BlockAlign": "Middle", "ColIndex": 1, "ColSpan": 2, "Height": 21.625, "InlineAlign": "Center", "RowIndex": 2, "Width": 168.5}}, {"Bounds": [474.7200012207031, 466.2729949951172, 506.5113830566406, 489.93299865722656], "Font": {"alt_family_name": "* Times New Roman", "embedded": true, "encoding": "Identity-H", "family_name": "* Times New Roman", "font_type": "CIDFontType0", "italic": false, "monospaced": false, "name": "*Times New Roman-3154", "subset": false, "weight": 400}, "HasClip": false, "Lang": "en", "Page": 0, "Path": "//Document/Sect/Table[4]/TR[3]/TD[2]/P", "Text": "Amount ", "TextSize": 10.0, "attributes": {"LineHeight": 12}}, {"Bounds": [53.398406982421875, 431.7498016357422, 402.04185485839844, 456.9011993408203], "Page": 0, "Path": "//Document/Sect/Table[4]/TR[4]/TD", "attributes": {"BBox": [53.03779999999824, 429.8549999999959, 410.3829999999871, 460.81299999999464], "BlockAlign": "Middle", "ColIndex": 0, "Height": 31, "InlineAlign": "Start", "RowIndex": 3, "Width": 357.375}}, {"Bounds": [54.47999572753906, 445.5971984863281, 190.39207458496094, 456.9011993408203], "Font": {"alt_family_name": "* Times New Roman", "embedded": true, "encoding": "Identity-H", "family_name": "* Times New Roman", "font_type": "CIDFontType0", "italic": false, "monospaced": false, "name": "*Times New Roman-3153", "subset": false, "weight": 400}, "HasClip": false, "Page": 0, "Path": "//Document/Sect/Table[4]/TR[4]/TD/P/Sub", "Text": "12/05/23 as per final contract ", "TextSize": 12.0, "attributes": {"Placement": "Block"}}, {"Bounds": [53.398406982421875, 431.7498016357422, 402.04185485839844, 443.0538024902344], "Font": {"alt_family_name": "* Times New Roman", "embedded": true, "encoding": "Identity-H", "family_name": "* Times New Roman", "font_type": "CIDFontType0", "italic": false, "monospaced": false, "name": "*Times New Roman-3153", "subset": false, "weight": 400}, "HasClip": false, "Page": 0, "Path": "//Document/Sect/Table[4]/TR[4]/TD/P/Sub[2]", "Text": "Kitchen, Desk Kit, Main, Master, and Basement Baths, Laundry, Basement ", "TextSize": 12.0, "attributes": {"Placement": "Block"}}, {"Bounds": [514.0783996582031, 431.8818054199219, 562.5577697753906, 443.18580627441406], "Page": 0, "Path": "//Document/Sect/Table[4]/TR[4]/TD[2]", "attributes": {"BBox": [410.3829999999871, 429.8549999999959, 578.8559999999998, 460.81299999999464], "BlockAlign": "After", "ColIndex": 1, "ColSpan": 2, "Height": 31, "InlineAlign": "End", "RowIndex": 3, "Width": 168.5}}, {"Bounds": [514.0783996582031, 431.8818054199219, 562.5577697753906, 443.18580627441406], "Font": {"alt_family_name": "* Times New Roman", "embedded": true, "encoding": "Identity-H", "family_name": "* Times New Roman", "font_type": "CIDFontType0", "italic": false, "monospaced": false, "name": "*Times New Roman-3153", "subset": false, "weight": 400}, "HasClip": false, "Lang": "en", "Page": 0, "Path": "//Document/Sect/Table[4]/TR[4]/TD[2]/P", "Text": "25,356.89 ", "TextSize": 12.0, "attributes": {"LineHeight": 14.375}}, {"Bounds": [53.75840759277344, 418.2257995605469, 134.7159881591797, 429.52980041503906], "Page": 0, "Path": "//Document/Sect/Table[4]/TR[5]/TD", "attributes": {"BBox": [53.03779999999824, 418.33499999999185, 410.3829999999871, 429.8549999999959], "BlockAlign": "Before", "ColIndex": 0, "Height": 11.5, "InlineAlign": "Start", "RowIndex": 4, "Width": 357.375}}, {"Bounds": [53.75840759277344, 418.2257995605469, 134.7159881591797, 429.52980041503906], "Font": {"alt_family_name": "* Times New Roman", "embedded": true, "encoding": "Identity-H", "family_name": "* Times New Roman", "font_type": "CIDFontType0", "italic": false, "monospaced": false, "name": "*Times New Roman-3153", "subset": false, "weight": 400}, "HasClip": false, "Lang": "en", "Page": 0, "Path": "//Document/Sect/Table[4]/TR[5]/TD/P", "Text": "Wet Bar cabinets ", "TextSize": 12.0, "attributes": {"LineHeight": 14.375}}, {"Path": "//Document/Sect/Table[4]/TR[5]/TD[2]", "attributes": {"BBox": [410.3829999999871, 418.33499999999185, 578.8559999999998, 429.8549999999959], "BlockAlign": "Before", "ColIndex": 1, "ColSpan": 2, "Height": 11.5, "InlineAlign": "Start", "RowIndex": 4, "Width": 168.5}}, {"Bounds": [53.27839660644531, 404.70179748535156, 84.90382385253906, 416.00579833984375], "Page": 0, "Path": "//Document/Sect/Table[4]/TR[6]/TD", "attributes": {"BBox": [53.03779999999824, 403.2159999999858, 410.3829999999871, 418.33499999999185], "BlockAlign": "Middle", "ColIndex": 0, "Height": 15.125, "InlineAlign": "Start", "RowIndex": 5, "Width": 357.375}}, {"Bounds": [53.27839660644531, 404.70179748535156, 84.90382385253906, 416.00579833984375], "Font": {"alt_family_name": "* Times New Roman", "embedded": true, "encoding": "Identity-H", "family_name": "* Times New Roman", "font_type": "CIDFontType0", "italic": false, "monospaced": false, "name": "*Times New Roman-3153", "subset": false, "weight": 400}, "HasClip": false, "Lang": "en", "Page": 0, "Path": "//Document/Sect/Table[4]/TR[6]/TD/P", "Text": "Finish ", "TextSize": 12.0, "attributes": {"LineHeight": 14.375}}, {"Path": "//Document/Sect/Table[4]/TR[6]/TD[2]", "attributes": {"BBox": [410.3829999999871, 403.2159999999858, 501.09999999999127, 418.33499999999185], "BlockAlign": "Before", "ColIndex": 1, "Height": 15.125, "InlineAlign": "Start", "RowIndex": 5, "Width": 90.75}}, {"Bounds": [519.5984039306641, 404.70179748535156, 562.9837799072266, 416.00579833984375], "Page": 0, "Path": "//Document/Sect/Table[4]/TR[6]/TD[3]", "attributes": {"BBox": [501.09999999999127, 403.2159999999858, 578.8559999999998, 418.33499999999185], "BlockAlign": "Middle", "ColIndex": 2, "Height": 15.125, "InlineAlign": "Center", "RowIndex": 5, "Width": 77.75}}, {"Bounds": [519.5984039306641, 404.70179748535156, 562.9837799072266, 416.00579833984375], "Font": {"alt_family_name": "* Times New Roman", "embedded": true, "encoding": "Identity-H", "family_name": "* Times New Roman", "font_type": "CIDFontType0", "italic": false, "monospaced": false, "name": "*Times New Roman-3153", "subset": false, "weight": 400}, "HasClip": false, "Lang": "en", "Page": 0, "Path": "//Document/Sect/Table[4]/TR[6]/TD[3]/P", "Text": "4,182.23 ", "TextSize": 12.0, "attributes": {"LineHeight": 14.375}}, {"Bounds": [53.518402099609375, 391.08180236816406, 107.21316528320312, 402.38580322265625], "Page": 0, "Path": "//Document/Sect/Table[4]/TR[7]/TD", "attributes": {"BBox": [53.03779999999824, 180.02499999999418, 410.3829999999871, 403.2159999999858], "BlockAlign": "Before", "ColIndex": 0, "Height": 223.25, "InlineAlign": "Start", "RowIndex": 6, "Width": 357.375}}, {"Bounds": [53.518402099609375, 391.08180236816406, 107.21316528320312, 402.38580322265625], "Font": {"alt_family_name": "* Times New Roman", "embedded": true, "encoding": "Identity-H", "family_name": "* Times New Roman", "font_type": "CIDFontType0", "italic": false, "monospaced": false, "name": "*Times New Roman-3153", "subset": false, "weight": 400}, "HasClip": false, "Lang": "en", "Page": 0, "Path": "//Document/Sect/Table[4]/TR[7]/TD/P", "Text": "Installation ", "TextSize": 12.0, "attributes": {"LineHeight": 14.375}}, {"Bounds": [519.9944000244141, 391.08180236816406, 562.8888702392578, 402.38580322265625], "Page": 0, "Path": "//Document/Sect/Table[4]/TR[7]/TD[2]", "attributes": {"BBox": [410.3829999999871, 180.02499999999418, 578.8559999999998, 403.2159999999858], "BlockAlign": "Before", "ColIndex": 1, "ColSpan": 2, "Height": 223.25, "InlineAlign": "End", "RowIndex": 6, "Width": 168.5}}, {"Bounds": [519.9944000244141, 391.08180236816406, 562.8888702392578, 402.38580322265625], "Font": {"alt_family_name": "* Times New Roman", "embedded": true, "encoding": "Identity-H", "family_name": "* Times New Roman", "font_type": "CIDFontType0", "italic": false, "monospaced": false, "name": "*Times New Roman-3153", "subset": false, "weight": 400}, "HasClip": false, "Lang": "en", "Page": 0, "Path": "//Document/Sect/Table[4]/TR[7]/TD[2]/P", "Text": "4,018.88 ", "TextSize": 12.0, "attributes": {"LineHeight": 14.375}}, {"Bounds": [194.8800048828125, 160.76699829101562, 266.9896240234375, 168.52200317382812], "Page": 0, "Path": "//Document/Sect/Table[4]/TR[8]/TD", "attributes": {"BBox": [53.03779999999824, 149.78599999999278, 410.3829999999871, 180.02499999999418], "BlockAlign": "Middle", "ColIndex": 0, "Height": 30.25, "InlineAlign": "Start", "RowIndex": 7, "Width": 357.375}}, {"Bounds": [194.8800048828125, 160.76699829101562, 266.9896240234375, 168.52200317382812], "Font": {"alt_family_name": "* Times New Roman", "embedded": true, "encoding": "Identity-H", "family_name": "* Times New Roman", "font_type": "CIDFontType0", "italic": false, "monospaced": false, "name": "*Times New Roman-3155", "subset": false, "weight": 400}, "HasClip": false, "Lang": "en", "Page": 0, "Path": "//Document/Sect/Table[4]/TR[8]/TD/P", "Text": "THANK.YOU ", "TextSize": 11.0, "attributes": {"LineHeight": 13.25}}, {"Bounds": [421.67999267578125, 158.0399932861328, 449.8919677734375, 169.0800018310547], "Page": 0, "Path": "//Document/Sect/Table[4]/TR[8]/TD[2]", "attributes": {"BBox": [410.3829999999871, 149.78599999999278, 501.09999999999127, 180.02499999999418], "BlockAlign": "Middle", "ColIndex": 1, "Height": 30.25, "InlineAlign": "Start", "RowIndex": 7, "Width": 90.75}}, {"Bounds": [421.67999267578125, 158.0399932861328, 449.8919677734375, 169.0800018310547], "Font": {"alt_family_name": "* Arial", "embedded": true, "encoding": "Identity-H", "family_name": "* Arial", "font_type": "CIDFontType0", "italic": false, "monospaced": false, "name": "*Arial-3160", "subset": false, "weight": 400}, "HasClip": false, "Lang": "en", "Page": 0, "Path": "//Document/Sect/Table[4]/TR[8]/TD[2]/P", "Text": "Total ", "TextSize": 12.0, "attributes": {"LineHeight": 14.375}}, {"Bounds": [508.32000732421875, 158.06399536132812, 563.0385131835938, 169.3679962158203], "Page": 0, "Path": "//Document/Sect/Table[4]/TR[8]/TD[3]", "attributes": {"BBox": [501.09999999999127, 149.78599999999278, 578.8559999999998, 180.02499999999418], "BlockAlign": "Middle", "ColIndex": 2, "Height": 30.25, "InlineAlign": "Center", "RowIndex": 7, "Width": 77.75}}, {"Bounds": [508.32000732421875, 158.06399536132812, 563.0385131835938, 169.3679962158203], "Font": {"alt_family_name": "* Times New Roman", "embedded": true, "encoding": "Identity-H", "family_name": "* Times New Roman", "font_type": "CIDFontType0", "italic": false, "monospaced": false, "name": "*Times New Roman-3153", "subset": false, "weight": 400}, "HasClip": false, "Lang": "en", "Page": 0, "Path": "//Document/Sect/Table[4]/TR[8]/TD[3]/P", "Text": "$33,558.00 ", "TextSize": 12.0, "attributes": {"LineHeight": 14.375}}, {"Bounds": [88.08000183105469, 109.76829528808594, 334.6150817871094, 156.00540161132812], "Page": 0, "Path": "//Document/Sect/Table[4]/TR[9]/TD", "attributes": {"BBox": [53.03779999999824, 104.90799999999945, 410.3829999999871, 149.78599999999278], "BlockAlign": "Middle", "ColIndex": 0, "Height": 44.875, "InlineAlign": "Start", "RowIndex": 8, "RowSpan": 2, "Width": 357.375}}, {"Bounds": [88.08000183105469, 109.76829528808594, 334.6150817871094, 156.00540161132812], "Font": {"alt_family_name": "* Times New Roman", "embedded": true, "encoding": "Identity-H", "family_name": "* Times New Roman", "font_type": "CIDFontType0", "italic": false, "monospaced": false, "name": "*Times New Roman-3154", "subset": false, "weight": 400}, "HasClip": false, "Lang": "en", "Page": 0, "Path": "//Document/Sect/Table[4]/TR[9]/TD/P", "Text": "Invoice due upon receipt. I 1/2% per month interest ifnot paid within 30 days from invoice date. Reasonable collection and attorney fees charged on accounts placed for collection. ", "TextSize": 10.0, "attributes": {"LineHeight": 11.25, "TextAlign": "Center"}}, {"Bounds": [422.18190002441406, 130.1999969482422, 469.3789825439453, 141.24000549316406], "Page": 0, "Path": "//Document/Sect/Table[4]/TR[9]/TD[2]", "attributes": {"BBox": [410.3829999999871, 123.86699999999837, 501.09999999999127, 149.78599999999278], "BlockAlign": "Middle", "ColIndex": 1, "Height": 25.875, "InlineAlign": "Start", "RowIndex": 8, "Width": 90.75}}, {"Bounds": [422.18190002441406, 130.1999969482422, 469.3789825439453, 141.24000549316406], "Font": {"alt_family_name": "* Arial", "embedded": true, "encoding": "Identity-H", "family_name": "* Arial", "font_type": "CIDFontType0", "italic": false, "monospaced": false, "name": "*Arial-3160", "subset": false, "weight": 400}, "HasClip": false, "Lang": "en", "Page": 0, "Path": "//Document/Sect/Table[4]/TR[9]/TD[2]/P", "Text": "Deposits ", "TextSize": 12.0, "attributes": {"LineHeight": 14.375}}, {"Bounds": [534.3099060058594, 130.1999969482422, 563.1986389160156, 141.50399780273438], "Page": 0, "Path": "//Document/Sect/Table[4]/TR[9]/TD[3]", "attributes": {"BBox": [501.09999999999127, 123.86699999999837, 578.8559999999998, 149.78599999999278], "BlockAlign": "Middle", "ColIndex": 2, "Height": 25.875, "InlineAlign": "Center", "RowIndex": 8, "Width": 77.75}}, {"Bounds": [534.3099060058594, 130.1999969482422, 563.1986389160156, 141.50399780273438], "Font": {"alt_family_name": "* Times New Roman", "embedded": true, "encoding": "Identity-H", "family_name": "* Times New Roman", "font_type": "CIDFontType0", "italic": false, "monospaced": false, "name": "*Times New Roman-3153", "subset": false, "weight": 400}, "HasClip": false, "Lang": "en", "Page": 0, "Path": "//Document/Sect/Table[4]/TR[9]/TD[3]/P", "Text": "$0.00 ", "TextSize": 12.0, "attributes": {"LineHeight": 14.375}}, {"Bounds": [422.3999938964844, 103.02999877929688, 581.9883117675781, 117.96099853515625], "Page": 0, "Path": "//Document/Sect/Table[4]/TR[10]/TD", "attributes": {"BBox": [410.3829999999871, 104.90799999999945, 578.8559999999998, 123.86699999999837], "BlockAlign": "After", "ColIndex": 1, "ColSpan": 2, "Height": 19, "InlineAlign": "Start", "RowIndex": 9, "Width": 168.5}}, {"Bounds": [568.5599975585938, 109.78399658203125, 581.9883117675781, 117.96099853515625], "Font": {"alt_family_name": "* Times New Roman", "embedded": true, "encoding": "Identity-H", "family_name": "* Times New Roman", "font_type": "CIDFontType0", "italic": true, "monospaced": false, "name": "*Times New Roman-Italic-3152", "subset": false, "weight": 400}, "HasClip": false, "Lang": "en", "Page": 0, "Path": "//Document/Sect/Table[4]/TR[10]/TD/P", "Text": "v ", "TextSize": 13.0, "attributes": {"LineHeight": 15.625}}, {"Bounds": [422.3999938964844, 103.02999877929688, 572.3973236083984, 116.00337219238281], "Font": {"alt_family_name": "* Arial", "embedded": true, "encoding": "Identity-H", "family_name": "* Arial", "font_type": "CIDFontType0", "italic": false, "monospaced": false, "name": "*Arial-Bold-3159", "subset": false, "weight": 700}, "HasClip": false, "Lang": "en", "Page": 0, "Path": "//Document/Sect/Table[4]/TR[10]/TD/P[2]", "Rotation": 0.4528656005859375, "Skew": 0.4528656005859375, "Text": "Balance Due $33,558.00..,,. ", "TextSize": 13.49957275390625, "attributes": {"LineHeight": 16.25}}, {"Bounds": [170.39999389648438, 51.58050537109375, 462.3141174316406, 73.08050537109375], "Font": {"alt_family_name": "* Times New Roman", "embedded": true, "encoding": "Identity-H", "family_name": "* Times New Roman", "font_type": "CIDFontType0", "italic": false, "monospaced": false, "name": "*Times New Roman-Bold-3151", "subset": false, "weight": 700}, "HasClip": false, "Lang": "en", "Page": 0, "Path": "//Document/Sect/P", "Text": "Please mail remittance to: P.O. Box 160315, Clearfield, UT 84016 801-773-0374 (P) 801-773-0379 (F) ", "TextSize": 10.0}], "pages": [{"boxes": {"CropBox": [0.0, 0.0, 612.0, 792.0], "MediaBox": [0.0, 0.0, 612.0, 792.0]}, "height": 792.0, "is_scanned": true, "page_number": 0, "rotation": 0, "width": 612.0}]}