{"version": {"json_export": "193", "page_segmentation": "5", "schema": "1.1.0", "structure": "1.1074.0", "table_structure": "5"}, "extended_metadata": {"ID_instance": "CD 11 B2 D9 0B B9 B2 11 0A 00 67 45 8B 6B C6 23 ", "ID_permanent": "35 46 20 46 39 20 41 38 20 44 39 20 30 42 20 42 39 20 42 32 20 31 31 20 30 41 20 30 30 20 36 37 20 34 35 20 38 42 20 36 42 20 43 36 20 32 33 20 ", "pdf_version": "1.6", "pdfa_compliance_level": "", "is_encrypted": false, "has_acroform": false, "is_digitally_signed": false, "pdfua_compliance_level": "", "page_count": 1, "has_embedded_files": false, "is_certified": false, "is_XFA": false, "language": "en"}, "elements": [{"Bounds": [60.720001220703125, 726.9176940917969, 173.6156005859375, 736.9017028808594], "Font": {"alt_family_name": "* Times New Roman", "embedded": true, "encoding": "Identity-H", "family_name": "* Times New Roman", "font_type": "CIDFontType0", "italic": false, "monospaced": false, "name": "*Times New Roman-1933", "subset": false, "weight": 400}, "HasClip": false, "Lang": "en", "Page": 0, "Path": "//Document/Sect/P", "Text": "SKJ CONSTRUCTION ", "TextSize": 12.0, "attributes": {"LineHeight": 14.375, "SpaceAfter": 7.875}}, {"Bounds": [60.24000549316406, 705.4376983642578, 141.757568359375, 715.4217071533203], "Font": {"alt_family_name": "* Times New Roman", "embedded": true, "encoding": "Identity-H", "family_name": "* Times New Roman", "font_type": "CIDFontType0", "italic": false, "monospaced": false, "name": "*Times New Roman-1933", "subset": false, "weight": 400}, "HasClip": false, "Page": 0, "Path": "//Document/Sect/P[2]/Sub", "Text": "HC 60BOX226 ", "TextSize": 12.0, "attributes": {"Placement": "Block"}}, {"Bounds": [60.0, 691.8417053222656, 149.6477813720703, 701.8256988525391], "Font": {"alt_family_name": "* Times New Roman", "embedded": true, "encoding": "Identity-H", "family_name": "* Times New Roman", "font_type": "CIDFontType0", "italic": false, "monospaced": false, "name": "*Times New Roman-1933", "subset": false, "weight": 400}, "HasClip": false, "Page": 0, "Path": "//Document/Sect/P[2]/Sub[2]", "Text": "MONA, UT 84645 ", "TextSize": 12.0, "attributes": {"Placement": "Block"}}, {"Bounds": [0.0, -0.0023193359375, 618.24462890625, 796.8009033203125], "ClipBounds": [234.94000244140625, 682.9149780273438, 352.9150085449219, 751.9320068359375], "Page": 0, "Path": "//Document/Sect/Figure", "attributes": {"BBox": [235.18999999999505, 683.164999999979, 352.66599999999744, 751.6819999999716], "Placement": "Block"}}, {"Bounds": [0.0, -0.0023193359375, 618.24462890625, 796.8009033203125], "ClipBounds": [234.94000244140625, 682.9149780273438, 352.9150085449219, 751.9320068359375], "Page": 0, "Path": "//Document/Sect/Figure", "attributes": {"BBox": [235.18999999999505, 683.164999999979, 352.66599999999744, 751.6819999999716], "Placement": "Block"}}, {"Bounds": [504.7200012207031, 721.1652069091797, 577.26953125, 736.1916961669922], "Font": {"alt_family_name": "* Arial", "embedded": true, "encoding": "Identity-H", "family_name": "* Arial", "font_type": "CIDFontType0", "italic": false, "monospaced": false, "name": "*Arial-Bold-1937", "subset": false, "weight": 700}, "HasClip": false, "Lang": "no", "Page": 0, "Path": "//Document/Sect/Title", "Text": "Invoice ", "TextSize": 20.5, "attributes": {"LineHeight": 24.625, "SpaceAfter": 18, "TextAlign": "End"}}, {"Bounds": [458.8500061035156, 674.5005035400391, 560.7299652099609, 704.7765045166016], "Page": 0, "Path": "//Document/Sect/Table", "attributes": {"BBox": [458.5009999999893, 675.8449999999721, 557.9769999999844, 704.8839999999909], "NumCol": 2, "NumRow": 2, "Placement": "Block", "SpaceAfter": 18}}, {"Bounds": [467.75999450683594, 695.8845062255859, 487.58729553222656, 704.2994995117188], "Page": 0, "Path": "//Document/Sect/Table/TR/TD", "attributes": {"BBox": [458.5009999999893, 686.6439999999711, 506.9789999999921, 704.8839999999909], "BlockAlign": "Before", "ColIndex": 0, "Height": 18.25, "InlineAlign": "Start", "RowIndex": 0, "Width": 48.5}}, {"Bounds": [467.75999450683594, 695.8845062255859, 487.58729553222656, 704.2994995117188], "Font": {"alt_family_name": "* Arial", "embedded": true, "encoding": "Identity-H", "family_name": "* Arial", "font_type": "CIDFontType0", "italic": false, "monospaced": false, "name": "*Arial-1934", "subset": false, "weight": 400}, "HasClip": false, "Lang": "no", "Page": 0, "Path": "//Document/Sect/Table/TR/TD/P", "Text": "Date ", "TextSize": 9.0, "attributes": {"LineHeight": 10.75}}, {"Bounds": [523.9199981689453, 696.3614959716797, 560.7299652099609, 704.7765045166016], "Page": 0, "Path": "//Document/Sect/Table/TR/TD[2]", "attributes": {"BBox": [506.9789999999921, 686.6439999999711, 557.9769999999844, 704.8839999999909], "BlockAlign": "Before", "ColIndex": 1, "Height": 18.25, "InlineAlign": "End", "RowIndex": 0, "Width": 51}}, {"Bounds": [523.9199981689453, 696.3614959716797, 560.7299652099609, 704.7765045166016], "Font": {"alt_family_name": "* Arial", "embedded": true, "encoding": "Identity-H", "family_name": "* Arial", "font_type": "CIDFontType0", "italic": false, "monospaced": false, "name": "*Arial-1934", "subset": false, "weight": 400}, "HasClip": false, "Lang": "no", "Page": 0, "Path": "//Document/Sect/Table/TR/TD[2]/P", "Text": "Invoice# ", "TextSize": 9.0, "attributes": {"LineHeight": 10.75}}, {"Bounds": [458.8500061035156, 674.5005035400391, 496.2540588378906, 682.8975067138672], "Page": 0, "Path": "//Document/Sect/Table/TR[2]/TD", "attributes": {"BBox": [458.5009999999893, 675.8449999999721, 506.9789999999921, 686.6439999999711], "BlockAlign": "After", "ColIndex": 0, "Height": 10.75, "InlineAlign": "Start", "RowIndex": 1, "Width": 48.5}}, {"Bounds": [458.8500061035156, 674.5005035400391, 496.2540588378906, 682.8975067138672], "Font": {"alt_family_name": "* Times New Roman", "embedded": true, "encoding": "Identity-H", "family_name": "* Times New Roman", "font_type": "CIDFontType0", "italic": false, "monospaced": false, "name": "*Times New Roman-1925", "subset": false, "weight": 400}, "HasClip": false, "Lang": "no", "Page": 0, "Path": "//Document/Sect/Table/TR[2]/TD/P", "Text": "4/21/2022 ", "TextSize": 9.0, "attributes": {"LineHeight": 10.75}}, {"Bounds": [532.3170013427734, 674.8695068359375, 552.2338409423828, 683.2664947509766], "Page": 0, "Path": "//Document/Sect/Table/TR[2]/TD[2]", "attributes": {"BBox": [506.9789999999921, 675.8449999999721, 557.9769999999844, 686.6439999999711], "BlockAlign": "After", "ColIndex": 1, "Height": 10.75, "InlineAlign": "End", "RowIndex": 1, "Width": 51}}, {"Bounds": [532.3170013427734, 674.8695068359375, 552.2338409423828, 683.2664947509766], "Font": {"alt_family_name": "* Times New Roman", "embedded": true, "encoding": "Identity-H", "family_name": "* Times New Roman", "font_type": "CIDFontType0", "italic": false, "monospaced": false, "name": "*Times New Roman-1925", "subset": false, "weight": 400}, "HasClip": false, "Lang": "no", "Page": 0, "Path": "//Document/Sect/Table/TR[2]/TD[2]/P", "Text": "7087 ", "TextSize": 9.0, "attributes": {"LineHeight": 10.75}}, {"Bounds": [85.07699584960938, 586.2917938232422, 167.98289489746094, 642.8603973388672], "Page": 0, "Path": "//Document/Sect/Table[2]", "attributes": {"BBox": [85.4364999999998, 587.4089999999851, 165.11299999999756, 642.7259999999951], "NumRow": 2, "Placement": "Block", "SpaceAfter": 18}}, {"Bounds": [94.32000732421875, 634.4454040527344, 119.51896667480469, 642.8603973388672], "Page": 0, "Path": "//Document/Sect/Table[2]/TR/TH", "attributes": {"BBox": [85.4364999999998, 629.5269999999728, 165.11299999999756, 642.7259999999951], "BlockAlign": "Before", "ColIndex": 0, "Height": 13.25, "InlineAlign": "Start", "RowIndex": 0, "Width": 79.625}}, {"Bounds": [94.32000732421875, 634.4454040527344, 119.51896667480469, 642.8603973388672], "Font": {"alt_family_name": "* Arial", "embedded": true, "encoding": "Identity-H", "family_name": "* Arial", "font_type": "CIDFontType0", "italic": false, "monospaced": false, "name": "*Arial-1934", "subset": false, "weight": 400}, "HasClip": false, "Lang": "no", "Page": 0, "Path": "//Document/Sect/Table[2]/TR/TH/P", "Text": "Bill To ", "TextSize": 9.0, "attributes": {"LineHeight": 10.75}}, {"Bounds": [85.07699584960938, 586.2917938232422, 167.98289489746094, 625.2653961181641], "Page": 0, "Path": "//Document/Sect/Table[2]/TR[2]/TD", "attributes": {"BBox": [85.4364999999998, 587.4089999999851, 165.11299999999756, 629.5269999999728], "BlockAlign": "After", "ColIndex": 0, "Height": 42.125, "InlineAlign": "Start", "RowIndex": 1, "Width": 79.625}}, {"Bounds": [85.67999267578125, 616.8683929443359, 167.98289489746094, 625.2653961181641], "Font": {"alt_family_name": "* Times New Roman", "embedded": true, "encoding": "Identity-H", "family_name": "* Times New Roman", "font_type": "CIDFontType0", "italic": false, "monospaced": false, "name": "*Times New Roman-1925", "subset": false, "weight": 400}, "HasClip": false, "Lang": "en", "Page": 0, "Path": "//Document/Sect/Table[2]/TR[2]/TD/P", "Text": "SYMPHONY HOMES ", "TextSize": 9.0, "attributes": {"LineHeight": 10.75}}, {"Bounds": [85.07699584960938, 586.2917938232422, 165.49371337890625, 615.1007995605469], "Font": {"alt_family_name": "* Times New Roman", "embedded": true, "encoding": "Identity-H", "family_name": "* Times New Roman", "font_type": "CIDFontType0", "italic": false, "monospaced": false, "name": "*Times New Roman-1925", "subset": false, "weight": 400}, "HasClip": false, "Lang": "no", "Page": 0, "Path": "//Document/Sect/Table[2]/TR[2]/TD/P[2]", "Text": "111 S Frontage Road Centerville, UT 84114 801-298-5768 ", "TextSize": 9.0, "attributes": {"LineHeight": 10.25}}, {"Bounds": [0.0, -0.0023193359375, 618.24462890625, 796.8009033203125], "ClipBounds": [325.0570068359375, 545.52001953125, 473.8710021972656, 628.93701171875], "Page": 0, "Path": "//Document/Sect/Figure[2]", "attributes": {"BBox": [325.30699999998615, 545.7699999999895, 473.6209999999992, 628.6869999999763], "Placement": "Block"}}, {"Bounds": [0.0, -0.0023193359375, 618.24462890625, 796.8009033203125], "ClipBounds": [325.0570068359375, 545.52001953125, 473.8710021972656, 628.93701171875], "Page": 0, "Path": "//Document/Sect/Figure[2]", "attributes": {"BBox": [325.30699999998615, 545.7699999999895, 473.6209999999992, 628.6869999999763], "Placement": "Block"}}, {"Bounds": [58.32000732421875, 52.501800537109375, 568.3438873291016, 513.2565002441406], "Page": 0, "Path": "//Document/Sect/Table[3]", "attributes": {"BBox": [58.31759999999849, 54.27019999999902, 565.176999999996, 513.1319999999832], "NumCol": 4, "NumRow": 9, "Placement": "Block", "SpaceAfter": 18}}, {"Path": "//Document/Sect/Table[3]/TR/TD", "attributes": {"BBox": [58.31759999999849, 476.65299999999115, 380.98399999999674, 513.1319999999832], "BlockAlign": "Before", "ColIndex": 0, "ColSpan": 2, "Height": 36.5, "InlineAlign": "Start", "RowIndex": 0, "RowSpan": 2, "Width": 322.625}}, {"Bounds": [435.36000061035156, 504.58949279785156, 470.12310791015625, 513.0045013427734], "Page": 0, "Path": "//Document/Sect/Table[3]/TR/TH", "attributes": {"BBox": [380.98399999999674, 499.8119999999908, 492.5799999999872, 513.1319999999832], "BlockAlign": "Before", "ColIndex": 2, "Height": 13.375, "InlineAlign": "End", "RowIndex": 0, "Width": 111.625}}, {"Bounds": [435.36000061035156, 504.58949279785156, 470.12310791015625, 513.0045013427734], "Font": {"alt_family_name": "* Arial", "embedded": true, "encoding": "Identity-H", "family_name": "* Arial", "font_type": "CIDFontType0", "italic": false, "monospaced": false, "name": "*Arial-1934", "subset": false, "weight": 400}, "HasClip": false, "Lang": "no", "Page": 0, "Path": "//Document/Sect/Table[3]/TR/TH/P", "Text": "P.O. No. ", "TextSize": 9.0, "attributes": {"LineHeight": 10.75}}, {"Bounds": [521.0399932861328, 504.8415069580078, 548.0240631103516, 513.2565002441406], "Page": 0, "Path": "//Document/Sect/Table[3]/TR/TH[2]", "attributes": {"BBox": [492.5799999999872, 499.8119999999908, 565.176999999996, 513.1319999999832], "BlockAlign": "Before", "ColIndex": 3, "Height": 13.375, "InlineAlign": "Center", "RowIndex": 0, "Width": 72.625}}, {"Bounds": [521.0399932861328, 504.8415069580078, 548.0240631103516, 513.2565002441406], "Font": {"alt_family_name": "* Arial", "embedded": true, "encoding": "Identity-H", "family_name": "* Arial", "font_type": "CIDFontType0", "italic": false, "monospaced": false, "name": "*Arial-1934", "subset": false, "weight": 400}, "HasClip": false, "Lang": "no", "Page": 0, "Path": "//Document/Sect/Table[3]/TR/TH[2]/P", "Text": "Terms ", "TextSize": 9.0, "attributes": {"LineHeight": 10.75}}, {"Bounds": [432.2010040283203, 482.95350646972656, 474.32862854003906, 491.3504943847656], "Page": 0, "Path": "//Document/Sect/Table[3]/TR[2]/TH", "attributes": {"BBox": [380.98399999999674, 476.65299999999115, 492.5799999999872, 499.8119999999908], "BlockAlign": "Middle", "ColIndex": 2, "Height": 23.125, "InlineAlign": "End", "RowIndex": 1, "Width": 111.625}}, {"Bounds": [432.2010040283203, 482.95350646972656, 474.32862854003906, 491.3504943847656], "Font": {"alt_family_name": "* Times New Roman", "embedded": true, "encoding": "Identity-H", "family_name": "* Times New Roman", "font_type": "CIDFontType0", "italic": false, "monospaced": false, "name": "*Times New Roman-1925", "subset": false, "weight": 400}, "HasClip": false, "Lang": "no", "Page": 0, "Path": "//Document/Sect/Table[3]/TR[2]/TH/P", "Text": "12ORH220 ", "TextSize": 9.0, "attributes": {"LineHeight": 10.75}}, {"Bounds": [507.6029968261719, 483.3135070800781, 560.5174713134766, 491.7104949951172], "Page": 0, "Path": "//Document/Sect/Table[3]/TR[2]/TH[2]", "attributes": {"BBox": [492.5799999999872, 476.65299999999115, 565.176999999996, 499.8119999999908], "BlockAlign": "Middle", "ColIndex": 3, "Height": 23.125, "InlineAlign": "End", "RowIndex": 1, "Width": 72.625}}, {"Bounds": [507.6029968261719, 483.3135070800781, 560.5174713134766, 491.7104949951172], "Font": {"alt_family_name": "* Times New Roman", "embedded": true, "encoding": "Identity-H", "family_name": "* Times New Roman", "font_type": "CIDFontType0", "italic": false, "monospaced": false, "name": "*Times New Roman-1925", "subset": false, "weight": 400}, "HasClip": false, "Lang": "en", "Page": 0, "Path": "//Document/Sect/Table[3]/TR[2]/TH[2]/P", "Text": "Due on receipt ", "TextSize": 9.0, "attributes": {"LineHeight": 10.75}}, {"Bounds": [103.2030029296875, 460.68780517578125, 121.91409301757812, 469.10279846191406], "Page": 0, "Path": "//Document/Sect/Table[3]/TR[3]/TH", "attributes": {"BBox": [58.31759999999849, 456.37399999999616, 165.83299999999872, 476.65299999999115], "BlockAlign": "Middle", "ColIndex": 0, "Height": 20.25, "InlineAlign": "Center", "RowIndex": 2, "Width": 107.5}}, {"Bounds": [103.2030029296875, 460.68780517578125, 121.91409301757812, 469.10279846191406], "Font": {"alt_family_name": "* Arial", "embedded": true, "encoding": "Identity-H", "family_name": "* Arial", "font_type": "CIDFontType0", "italic": false, "monospaced": false, "name": "*Arial-1934", "subset": false, "weight": 400}, "HasClip": false, "Lang": "en", "Page": 0, "Path": "//Document/Sect/Table[3]/TR[3]/TH/P", "Text": "Item ", "TextSize": 9.0, "attributes": {"LineHeight": 10.75}}, {"Bounds": [293.5260009765625, 461.1107940673828, 338.2779846191406, 469.5258026123047], "Page": 0, "Path": "//Document/Sect/Table[3]/TR[3]/TH[2]", "attributes": {"BBox": [165.83299999999872, 456.37399999999616, 380.98399999999674, 476.65299999999115], "BlockAlign": "Middle", "ColIndex": 1, "Height": 20.25, "InlineAlign": "End", "RowIndex": 2, "Width": 215.125}}, {"Bounds": [293.5260009765625, 461.1107940673828, 338.2779846191406, 469.5258026123047], "Font": {"alt_family_name": "* Arial", "embedded": true, "encoding": "Identity-H", "family_name": "* Arial", "font_type": "CIDFontType0", "italic": false, "monospaced": false, "name": "*Arial-1934", "subset": false, "weight": 400}, "HasClip": false, "Lang": "en", "Page": 0, "Path": "//Document/Sect/Table[3]/TR[3]/TH[2]/P", "Text": "Description ", "TextSize": 9.0, "attributes": {"LineHeight": 10.75}}, {"Path": "//Document/Sect/Table[3]/TR[3]/TD", "attributes": {"BBox": [380.98399999999674, 456.37399999999616, 492.5799999999872, 476.65299999999115], "BlockAlign": "Before", "ColIndex": 2, "Height": 20.25, "InlineAlign": "Start", "RowIndex": 2, "Width": 111.625}}, {"Bounds": [503.5260009765625, 461.59649658203125, 536.2589416503906, 470.0115051269531], "Page": 0, "Path": "//Document/Sect/Table[3]/TR[3]/TH[3]", "attributes": {"BBox": [492.5799999999872, 456.37399999999616, 565.176999999996, 476.65299999999115], "BlockAlign": "Middle", "ColIndex": 3, "Height": 20.25, "InlineAlign": "Start", "RowIndex": 2, "Width": 72.625}}, {"Bounds": [503.5260009765625, 461.59649658203125, 536.2589416503906, 470.0115051269531], "Font": {"alt_family_name": "* Arial", "embedded": true, "encoding": "Identity-H", "family_name": "* Arial", "font_type": "CIDFontType0", "italic": false, "monospaced": false, "name": "*Arial-1934", "subset": false, "weight": 400}, "HasClip": false, "Lang": "en", "Page": 0, "Path": "//Document/Sect/Table[3]/TR[3]/TH[3]/P", "Text": "Amount ", "TextSize": 9.0, "attributes": {"LineHeight": 10.75}}, {"Bounds": [59.03999328613281, 443.03880310058594, 131.463134765625, 451.43580627441406], "Page": 0, "Path": "//Document/Sect/Table[3]/TR[4]/TD", "attributes": {"BBox": [58.31759999999849, 415.09599999999045, 165.83299999999872, 456.37399999999616], "BlockAlign": "Before", "ColIndex": 0, "Height": 41.25, "InlineAlign": "Start", "RowIndex": 3, "Width": 107.5}}, {"Bounds": [59.03999328613281, 443.03880310058594, 131.463134765625, 451.43580627441406], "Font": {"alt_family_name": "* Times New Roman", "embedded": true, "encoding": "Identity-H", "family_name": "* Times New Roman", "font_type": "CIDFontType0", "italic": false, "monospaced": false, "name": "*Times New Roman-1925", "subset": false, "weight": 400}, "HasClip": false, "Lang": "en", "Page": 0, "Path": "//Document/Sect/Table[3]/TR[4]/TD/P", "Text": "FRAMING LABOR ", "TextSize": 9.0, "attributes": {"LineHeight": 10.75}}, {"Bounds": [168.96600341796875, 443.33580017089844, 287.08766174316406, 451.73280334472656], "Page": 0, "Path": "//Document/Sect/Table[3]/TR[4]/TD[2]", "attributes": {"BBox": [165.83299999999872, 415.09599999999045, 380.98399999999674, 456.37399999999616], "BlockAlign": "Before", "ColIndex": 1, "Height": 41.25, "InlineAlign": "Start", "RowIndex": 3, "Width": 215.125}}, {"Bounds": [168.96600341796875, 443.33580017089844, 287.08766174316406, 451.73280334472656], "Font": {"alt_family_name": "* Times New Roman", "embedded": true, "encoding": "Identity-H", "family_name": "* Times New Roman", "font_type": "CIDFontType0", "italic": false, "monospaced": false, "name": "*Times New Roman-1925", "subset": false, "weight": 400}, "HasClip": false, "Lang": "en", "Page": 0, "Path": "//Document/Sect/Table[3]/TR[4]/TD[2]/P", "Text": "LOT 220 ORCHARD HEIGHTS ", "TextSize": 9.0, "attributes": {"LineHeight": 10.75}}, {"Path": "//Document/Sect/Table[3]/TR[4]/TD[3]", "attributes": {"BBox": [380.98399999999674, 415.09599999999045, 492.5799999999872, 456.37399999999616], "BlockAlign": "Before", "ColIndex": 2, "Height": 41.25, "InlineAlign": "Start", "RowIndex": 3, "Width": 111.625}}, {"Bounds": [530.8860015869141, 443.99249267578125, 568.3438873291016, 452.3894958496094], "Page": 0, "Path": "//Document/Sect/Table[3]/TR[4]/TD[4]", "attributes": {"BBox": [492.5799999999872, 415.09599999999045, 565.176999999996, 456.37399999999616], "BlockAlign": "Before", "ColIndex": 3, "Height": 41.25, "InlineAlign": "End", "RowIndex": 3, "Width": 72.625}}, {"Bounds": [530.8860015869141, 443.99249267578125, 568.3438873291016, 452.3894958496094], "Font": {"alt_family_name": "* Times New Roman", "embedded": true, "encoding": "Identity-H", "family_name": "* Times New Roman", "font_type": "CIDFontType0", "italic": false, "monospaced": false, "name": "*Times New Roman-1925", "subset": false, "weight": 400}, "HasClip": false, "Lang": "en", "Page": 0, "Path": "//Document/Sect/Table[3]/TR[4]/TD[4]/P", "Text": "33,701.25 ", "TextSize": 9.0, "attributes": {"LineHeight": 10.75}}, {"Path": "//Document/Sect/Table[3]/TR[5]/TD", "attributes": {"BBox": [58.31759999999849, 181.8249999999971, 165.83299999999872, 415.09599999999045], "BlockAlign": "Before", "ColIndex": 0, "Height": 233.25, "InlineAlign": "Start", "RowIndex": 4, "Width": 107.5}}, {"Bounds": [288.24000549316406, 357.3674011230469, 390.9320068359375, 400.67750549316406], "Page": 0, "Path": "//Document/Sect/Table[3]/TR[5]/TD[2]", "attributes": {"BBox": [165.83299999999872, 181.8249999999971, 387.1039999999921, 415.09599999999045], "BlockAlign": "Before", "ColIndex": 1, "Height": 233.25, "InlineAlign": "Start", "RowIndex": 4, "Width": 221.25}}, {"Bounds": [288.24000549316406, 381.69200134277344, 330.27972412109375, 400.67750549316406], "Font": {"alt_family_name": "* Times New Roman", "embedded": true, "encoding": "Identity-H", "family_name": "* Times New Roman", "font_type": "CIDFontType0", "italic": false, "monospaced": false, "name": "*Times New Roman-1931", "subset": false, "weight": 400}, "HasClip": false, "Lang": "en", "Page": 0, "Path": "//Document/Sect/Table[3]/TR[5]/TD[2]/P", "Text": "D\u0141 -lo ", "TextSize": 23.0, "attributes": {"LineHeight": 27.625}}, {"Bounds": [337.67999267578125, 373.5404968261719, 363.96412658691406, 396.82749938964844], "Font": {"alt_family_name": "* Times New Roman", "embedded": true, "encoding": "Identity-H", "family_name": "* Times New Roman", "font_type": "CIDFontType0", "italic": true, "monospaced": false, "name": "*Times New Roman-Italic-1930", "subset": false, "weight": 400}, "HasClip": false, "Lang": "en", "Page": 0, "Path": "//Document/Sect/Table[3]/TR[5]/TD[2]/P[2]", "Text": "fJ ", "TextSize": 29.0, "attributes": {"LineHeight": 34.75}}, {"Bounds": [292.55999755859375, 357.3674011230469, 390.9320068359375, 381.9116973876953], "Font": {"alt_family_name": "* Times New Roman", "embedded": true, "encoding": "Identity-H", "family_name": "* Times New Roman", "font_type": "CIDFontType0", "italic": false, "monospaced": false, "name": "*Times New Roman-1927", "subset": false, "weight": 400}, "HasClip": false, "Lang": "en", "Page": 0, "Path": "//Document/Sect/Table[3]/TR[5]/TD[2]/P[3]", "Text": "Q\u0141 11/l() 0tLMoJ\\I\\ ", "TextSize": 10.0, "attributes": {"LineHeight": 12}}, {"Bounds": [366.9600067138672, 365.6517028808594, 404.2831573486328, 406.28660583496094], "Page": 0, "Path": "//Document/Sect/Table[3]/TR[5]/TD[3]", "attributes": {"BBox": [366.94499999999243, 181.8249999999971, 492.5799999999872, 415.09599999999045], "BlockAlign": "Before", "ColIndex": 2, "Height": 233.25, "InlineAlign": "Start", "RowIndex": 4, "Width": 125.625}}, {"Bounds": [389.0399932861328, 365.6517028808594, 404.2831573486328, 383.80169677734375], "Font": {"alt_family_name": "* Times New Roman", "embedded": true, "encoding": "Identity-H", "family_name": "* Times New Roman", "font_type": "CIDFontType0", "italic": false, "monospaced": false, "name": "*Times New Roman-1926", "subset": false, "weight": 400}, "HasClip": false, "Lang": "en", "Page": 0, "Path": "//Document/Sect/Table[3]/TR[5]/TD[3]/P", "Text": "t ", "TextSize": 30.0, "attributes": {"LineHeight": 36}}, {"Bounds": [366.9600067138672, 390.8801574707031, 401.2149963378906, 406.28660583496094], "Font": {"alt_family_name": "* Times New Roman", "embedded": true, "encoding": "Identity-H", "family_name": "* Times New Roman", "font_type": "CIDFontType0", "italic": true, "monospaced": false, "name": "*Times New Roman-Italic-1929", "subset": false, "weight": 400}, "HasClip": false, "Lang": "en", "Page": 0, "Path": "//Document/Sect/Table[3]/TR[5]/TD[3]/P[2]", "Rotation": 357.520263671875, "Skew": -2.4797210693359375, "Text": "qo%) ", "TextSize": 16.984085083007812, "attributes": {"LineHeight": 20.375}}, {"Path": "//Document/Sect/Table[3]/TR[5]/TD[4]", "attributes": {"BBox": [492.5799999999872, 181.8249999999971, 565.176999999996, 415.09599999999045], "BlockAlign": "Before", "ColIndex": 3, "Height": 233.25, "InlineAlign": "End", "RowIndex": 4, "Width": 72.625}}, {"Bounds": [58.32000732421875, 169.19580078125, 159.96786499023438, 177.59280395507812], "Page": 0, "Path": "//Document/Sect/Table[3]/TR[6]/TD", "attributes": {"BBox": [58.31759999999849, 151.46599999999307, 380.98399999999674, 181.8249999999971], "BlockAlign": "Before", "ColIndex": 0, "ColSpan": 2, "Height": 30.375, "InlineAlign": "Start", "RowIndex": 5, "Width": 322.625}}, {"Bounds": [58.32000732421875, 169.19580078125, 159.96786499023438, 177.59280395507812], "Font": {"alt_family_name": "* Times New Roman", "embedded": true, "encoding": "Identity-H", "family_name": "* Times New Roman", "font_type": "CIDFontType0", "italic": false, "monospaced": false, "name": "*Times New Roman-1925", "subset": false, "weight": 400}, "HasClip": false, "Lang": "en", "Page": 0, "Path": "//Document/Sect/Table[3]/TR[6]/TD/P", "Text": "Thank you for your busmess. ", "TextSize": 9.0, "attributes": {"LineHeight": 10.75}}, {"Bounds": [393.6000061035156, 160.8498992919922, 433.8561096191406, 172.48190307617188], "Page": 0, "Path": "//Document/Sect/Table[3]/TR[6]/TD[2]", "attributes": {"BBox": [380.98399999999674, 151.46599999999307, 492.5799999999872, 181.8249999999971], "BlockAlign": "Middle", "ColIndex": 2, "Height": 30.375, "InlineAlign": "Start", "RowIndex": 5, "Width": 111.625}}, {"Bounds": [393.6000061035156, 160.8498992919922, 433.8561096191406, 172.48190307617188], "Font": {"alt_family_name": "* Arial", "embedded": true, "encoding": "Identity-H", "family_name": "* Arial", "font_type": "CIDFontType0", "italic": false, "monospaced": false, "name": "*Arial-Bold-1936", "subset": false, "weight": 700}, "HasClip": false, "Lang": "en", "Page": 0, "Path": "//Document/Sect/Table[3]/TR[6]/TD[2]/P", "Text": "Total ", "TextSize": 16.0, "attributes": {"LineHeight": 19.25}}, {"Bounds": [525.1199951171875, 157.914306640625, 566.8374176025391, 166.31129455566406], "Page": 0, "Path": "//Document/Sect/Table[3]/TR[6]/TD[3]", "attributes": {"BBox": [492.5799999999872, 151.46599999999307, 565.176999999996, 181.8249999999971], "BlockAlign": "Middle", "ColIndex": 3, "Height": 30.375, "InlineAlign": "End", "RowIndex": 5, "Width": 72.625}}, {"Bounds": [525.1199951171875, 157.914306640625, 566.8374176025391, 166.31129455566406], "Font": {"alt_family_name": "* Times New Roman", "embedded": true, "encoding": "Identity-H", "family_name": "* Times New Roman", "font_type": "CIDFontType0", "italic": false, "monospaced": false, "name": "*Times New Roman-1925", "subset": false, "weight": 400}, "HasClip": false, "Lang": "en", "Page": 0, "Path": "//Document/Sect/Table[3]/TR[6]/TD[3]/P", "Text": "$33,701.25 ", "TextSize": 9.0, "attributes": {"LineHeight": 10.75}}, {"Path": "//Document/Sect/Table[3]/TR[7]/TD", "attributes": {"BBox": [58.31759999999849, 90.62869999999748, 380.98399999999674, 151.46599999999307], "BlockAlign": "Before", "ColIndex": 0, "ColSpan": 2, "Height": 60.875, "InlineAlign": "Start", "RowIndex": 6, "RowSpan": 2, "Width": 322.625}}, {"Bounds": [393.8399963378906, 131.74710083007812, 493.5013732910156, 142.8831024169922], "Page": 0, "Path": "//Document/Sect/Table[3]/TR[7]/TD[2]", "attributes": {"BBox": [380.98399999999674, 125.30699999999706, 492.5799999999872, 151.46599999999307], "BlockAlign": "Middle", "ColIndex": 2, "Height": 26.125, "InlineAlign": "Start", "RowIndex": 6, "Width": 111.625}}, {"Bounds": [393.8399963378906, 131.74710083007812, 493.5013732910156, 142.8831024169922], "Font": {"alt_family_name": "* Arial", "embedded": true, "encoding": "Identity-H", "family_name": "* Arial", "font_type": "CIDFontType0", "italic": false, "monospaced": false, "name": "*Arial-Bold-1935", "subset": false, "weight": 700}, "HasClip": false, "Lang": "en", "Page": 0, "Path": "//Document/Sect/Table[3]/TR[7]/TD[2]/P", "Text": "Payments/Credits ", "TextSize": 12.0, "attributes": {"LineHeight": 14.375}}, {"Bounds": [544.5599975585938, 129.71339416503906, 566.6511688232422, 138.1103973388672], "Page": 0, "Path": "//Document/Sect/Table[3]/TR[7]/TD[3]", "attributes": {"BBox": [492.5799999999872, 125.30699999999706, 565.176999999996, 151.46599999999307], "BlockAlign": "After", "ColIndex": 3, "Height": 26.125, "InlineAlign": "End", "RowIndex": 6, "Width": 72.625}}, {"Bounds": [544.5599975585938, 129.71339416503906, 566.6511688232422, 138.1103973388672], "Font": {"alt_family_name": "* Times New Roman", "embedded": true, "encoding": "Identity-H", "family_name": "* Times New Roman", "font_type": "CIDFontType0", "italic": false, "monospaced": false, "name": "*Times New Roman-1925", "subset": false, "weight": 400}, "HasClip": false, "Lang": "en", "Page": 0, "Path": "//Document/Sect/Table[3]/TR[7]/TD[3]/P", "Text": "$0.00 ", "TextSize": 9.0, "attributes": {"LineHeight": 10.75}}, {"Bounds": [393.6000061035156, 105.64079284667969, 466.1305389404297, 116.77679443359375], "Page": 0, "Path": "//Document/Sect/Table[3]/TR[8]/TD", "attributes": {"BBox": [380.98399999999674, 90.62869999999748, 492.5799999999872, 125.30699999999706], "BlockAlign": "Middle", "ColIndex": 2, "Height": 34.625, "InlineAlign": "Start", "RowIndex": 7, "Width": 111.625}}, {"Bounds": [393.6000061035156, 105.64079284667969, 466.1305389404297, 116.77679443359375], "Font": {"alt_family_name": "* Arial", "embedded": true, "encoding": "Identity-H", "family_name": "* Arial", "font_type": "CIDFontType0", "italic": false, "monospaced": false, "name": "*Arial-Bold-1935", "subset": false, "weight": 700}, "HasClip": false, "Lang": "en", "Page": 0, "Path": "//Document/Sect/Table[3]/TR[8]/TD/P", "Text": "Balance Due ", "TextSize": 12.0, "attributes": {"LineHeight": 14.375}}, {"Bounds": [524.8800048828125, 103.61430358886719, 566.6161041259766, 112.01130676269531], "Page": 0, "Path": "//Document/Sect/Table[3]/TR[8]/TD[2]", "attributes": {"BBox": [492.5799999999872, 90.62869999999748, 565.176999999996, 125.30699999999706], "BlockAlign": "Middle", "ColIndex": 3, "Height": 34.625, "InlineAlign": "End", "RowIndex": 7, "Width": 72.625}}, {"Bounds": [524.8800048828125, 103.61430358886719, 566.6161041259766, 112.01130676269531], "Font": {"alt_family_name": "* Times New Roman", "embedded": true, "encoding": "Identity-H", "family_name": "* Times New Roman", "font_type": "CIDFontType0", "italic": false, "monospaced": false, "name": "*Times New Roman-1925", "subset": false, "weight": 400}, "HasClip": false, "Lang": "en", "Page": 0, "Path": "//Document/Sect/Table[3]/TR[8]/TD[2]/P", "Text": "$33,701.25 ", "TextSize": 9.0, "attributes": {"LineHeight": 10.75}}, {"Bounds": [84.6719970703125, 52.501800537109375, 135.34080505371094, 82.64280700683594], "Page": 0, "Path": "//Document/Sect/Table[3]/TR[9]/TD", "attributes": {"BBox": [58.31759999999849, 54.27019999999902, 165.83299999999872, 90.62869999999748], "BlockAlign": "After", "ColIndex": 0, "Height": 36.375, "InlineAlign": "Start", "RowIndex": 8, "Width": 107.5}}, {"Bounds": [92.8800048828125, 74.22779846191406, 127.13784790039062, 82.64280700683594], "Font": {"alt_family_name": "* Arial", "embedded": true, "encoding": "Identity-H", "family_name": "* Arial", "font_type": "CIDFontType0", "italic": false, "monospaced": false, "name": "*Arial-1934", "subset": false, "weight": 400}, "HasClip": false, "Lang": "en", "Page": 0, "Path": "//Document/Sect/Table[3]/TR[9]/TD/P", "Text": "Phone# ", "TextSize": 9.0, "attributes": {"LineHeight": 10.75}}, {"Bounds": [84.6719970703125, 52.501800537109375, 135.34080505371094, 60.8988037109375], "Font": {"alt_family_name": "* Times New Roman", "embedded": true, "encoding": "Identity-H", "family_name": "* Times New Roman", "font_type": "CIDFontType0", "italic": false, "monospaced": false, "name": "*Times New Roman-1925", "subset": false, "weight": 400}, "HasClip": false, "Lang": "en", "Page": 0, "Path": "//Document/Sect/Table[3]/TR[9]/TD/P[2]", "Text": "801-380-5209 ", "TextSize": 9.0, "attributes": {"LineHeight": 10.75}}, {"Bounds": [165.11399841308594, 52.74479675292969, 216.55679321289062, 82.93980407714844], "Page": 0, "Path": "//Document/Sect/Table[3]/TR[9]/TD[2]", "attributes": {"BBox": [165.83299999999872, 54.27019999999902, 380.98399999999674, 90.62869999999748], "BlockAlign": "After", "ColIndex": 1, "Height": 36.375, "InlineAlign": "Start", "RowIndex": 8, "Width": 215.125}}, {"Bounds": [179.5229949951172, 74.52479553222656, 203.1523895263672, 82.93980407714844], "Font": {"alt_family_name": "* Arial", "embedded": true, "encoding": "Identity-H", "family_name": "* Arial", "font_type": "CIDFontType0", "italic": false, "monospaced": false, "name": "*Arial-1934", "subset": false, "weight": 400}, "HasClip": false, "Lang": "en", "Page": 0, "Path": "//Document/Sect/Table[3]/TR[9]/TD[2]/P", "Text": "Fax# ", "TextSize": 9.0, "attributes": {"LineHeight": 10.75}}, {"Bounds": [165.11399841308594, 52.74479675292969, 216.55679321289062, 61.14179992675781], "Font": {"alt_family_name": "* Times New Roman", "embedded": true, "encoding": "Identity-H", "family_name": "* Times New Roman", "font_type": "CIDFontType0", "italic": false, "monospaced": false, "name": "*Times New Roman-1925", "subset": false, "weight": 400}, "HasClip": false, "Lang": "en", "Page": 0, "Path": "//Document/Sect/Table[3]/TR[9]/TD[2]/P[2]", "Text": "435-623-1853 ", "TextSize": 9.0, "attributes": {"LineHeight": 10.75}}, {"Path": "//Document/Sect/Table[3]/TR[9]/TD[3]", "attributes": {"BBox": [380.98399999999674, 54.27019999999902, 492.5799999999872, 90.62869999999748], "BlockAlign": "Before", "ColIndex": 2, "Height": 36.375, "InlineAlign": "Start", "RowIndex": 8, "Width": 111.625}}, {"Path": "//Document/Sect/Table[3]/TR[9]/TD[4]", "attributes": {"BBox": [492.5799999999872, 54.27019999999902, 565.176999999996, 90.62869999999748], "BlockAlign": "Before", "ColIndex": 3, "Height": 36.375, "InlineAlign": "End", "RowIndex": 8, "Width": 72.625}}], "pages": [{"boxes": {"CropBox": [0.0, 0.0, 618.239990234375, 796.7999877929688], "MediaBox": [0.0, 0.0, 618.239990234375, 796.7999877929688]}, "height": 796.7999877929688, "is_scanned": true, "page_number": 0, "rotation": 0, "width": 618.239990234375}]}